model,split,logloss,brier,ece,ece_q,n,weight_sum,delta_logloss_ci_lo,delta_logloss_ci_hi,delta_brier_ci_lo,delta_brier_ci_hi,delta_ece_ci_lo,delta_ece_ci_hi,delta_ece_q_ci_lo,delta_ece_q_ci_hi,bootstrap_n_groups,bootstrap_B,baseline_logloss,delta_model_minus_baseline
baseline_pRN,val_pool,0.4953221839837126,0.1613117378597848,0.05688069007461665,0.05618314671724313,3187,0.7431898622148785,,,,,,,,,,,,
baseline_pRN,test,0.4304988329489706,0.13356549269940535,0.10514134330592273,0.10284074192155403,1240,0.3512551172395538,,,,,,,,,,,,
logit_C=0.1,val_pool,0.491861950713643,0.16050001982139378,0.05531712065448241,0.05531712065448236,3187,0.7431898622148785,-0.01868032377190594,0.013270305890731967,-0.004930705851089732,0.0036174204439408768,-0.03831317882163465,0.020241354584149007,-0.0396574828060143,0.018591495188671533,224.0,2000.0,,
logit_C=0.1,test,0.40881429674484804,0.127915225851346,0.057163209389226574,0.05294560211117208,1240,0.3512551172395538,-0.03790012711345714,-0.002735891571156396,-0.01099758296024214,0.00046414830276349565,-0.06034597260328832,-0.015954365499722543,-0.06944080068186699,-0.019062184454698428,103.0,2000.0,,
rolling_selection,avg_over_windows,0.4857746055342936,,,,4,,,,,,,,,,,,0.4911739794002227,-0.005399373865929147
