split,model,n,logloss,brier,ece
test,baseline_pRN,10992,0.48034660869525064,0.15670622226640446,0.05001335145560407
test,logit,10992,0.4905143026669109,0.16141482067728857,0.07527077239604825
