split,model,n,logloss,brier,ece
test,baseline_pRN,10992,0.48034660869525064,0.15670622226640446,0.05001335145560407
test,logit,10992,0.49189121369601957,0.16167877943635467,0.07300808659364509
