split,model,n,logloss,brier,ece
test,baseline_pRN,10992,0.48034660869525064,0.15670622226640446,0.05001335145560407
test,logit,10992,0.49218273565107035,0.1617974296249319,0.07248169751037097
