model,split,logloss,brier,ece,ece_q,n,weight_sum,delta_logloss_ci_lo,delta_logloss_ci_hi,delta_brier_ci_lo,delta_brier_ci_hi,delta_ece_ci_lo,delta_ece_ci_hi,delta_ece_q_ci_lo,delta_ece_q_ci_hi,bootstrap_n_groups,bootstrap_B,baseline_logloss,delta_model_minus_baseline
baseline_pRN,val_pool,0.4953221839837126,0.1613117378597848,0.05688069007461665,0.05618314671724313,3187,0.7431898622148785,,,,,,,,,,,,
baseline_pRN,test,0.4304988329489706,0.13356549269940535,0.10514134330592273,0.10284074192155403,1240,0.3512551172395538,,,,,,,,,,,,
logit_C=0.05,val_pool,0.4913123310759069,0.16027785987837906,0.05650908694076095,0.056509086940761025,3187,0.7431898622148785,-0.0191524574913917,0.012639789093088383,-0.005180522291228052,0.00339035058958372,-0.03731206906616275,0.02154300434032322,-0.038218849364577326,0.019707051497112084,224.0,2000.0,,
logit_C=0.05,test,0.40840471127901706,0.12768250990010854,0.05643640827896405,0.0523792991039474,1240,0.3512551172395538,-0.03853590068453259,-0.002905744540980718,-0.01141940907440157,0.0002902042095075159,-0.059604045785736054,-0.01794016104626621,-0.06915163582031261,-0.01923190176682231,103.0,2000.0,,
rolling_selection,avg_over_windows,0.4852692858724422,,,,4,,,,,,,,,,,,0.4911739794002227,-0.005904693527780502
