split,model,n,logloss,brier,ece
test,baseline_pRN,10992,0.48034660869525064,0.15670622226640446,0.05001335145560407
test,logit,10992,0.4891605605958781,0.16072369902514785,0.07353356083424771
