split,model,n,logloss,brier,ece
test,baseline_pRN,10992,0.48034660869525064,0.15670622226640446,0.05001335145560407
test,logit,10992,0.4917311680772824,0.16159494989707704,0.0656227541652386
